id,num_cards,credit_limit,utilization_ratio,max_utilization_ratio,late_payments
1,4,239144,0.6266087070282412,0.7364014124417109,5
2,3,499184,0.933289642032814,0.04030770038139653,13
3,2,56356,0.0022201078404958663,0.7513696212749704,11
4,2,297481,0.1093830137206474,0.017359117684713432,3
5,1,143815,0.35158794068595334,0.7749427688702002,15
6,3,100203,0.99406329138261,0.44512533696398227,13
7,3,379603,0.09656132073098722,0.014133726161305926,9
8,2,458560,0.4800010407506745,0.5127843211835565,11
9,2,295493,0.3414704293550972,0.9383395962881812,2
10,3,190385,0.9928005234535342,0.4882798843312419,3
11,1,361314,0.17692630838482437,0.3617778894528142,13
12,2,496882,0.44837566670862905,0.3969614361612621,2
13,4,192819,0.9523328875622534,0.30419894785135737,19
14,3,158400,0.26109432320989645,0.40051643373131884,18
15,1,337746,0.45138575798051894,0.018664499052776673,13
16,2,194726,0.09894442372138024,0.8708783073490356,12
17,3,419009,0.41855790684603655,0.4539174514882758,0
18,3,189862,0.35078463584564734,0.866115261752748,3
19,2,334016,0.7689003485559106,0.6243008909273497,3
20,1,429167,0.7492227766421317,0.2909750977967309,17
21,3,50318,0.08440467201359148,0.1390264575654756,13
22,3,197290,0.5908438462543716,0.21877144651659763,0
23,4,423663,0.28334663277693084,0.3129524287735064,8
24,3,497294,0.25525154138257045,0.12070588633838286,3
25,4,346747,0.05981331728379635,0.837032961028483,10
26,4,325994,0.5145684460966063,0.4809612388636598,3
27,2,287996,0.31222423769378305,0.14590847107661198,13
28,1,70152,0.6092425885910034,0.08034635689453917,12
29,2,231696,0.9056267133912804,0.6817195246027874,0
30,2,244200,0.09773023120817481,0.8102773110675934,14
31,4,59831,0.7321037666812599,0.7303674043888059,12
32,4,233306,0.49803404393774053,0.8777245517634741,11
33,2,158246,0.5600169792569665,0.318413306115797,10
34,2,440899,0.5476178973878365,0.6143483829994414,5
35,4,325958,0.7313099548000975,0.05944797351962294,10
36,1,460009,0.9118233996219482,0.8549941215404894,6
37,1,445639,0.5780882089876778,0.5861533898962876,15
38,1,284285,0.4716966787534027,0.14213124242785768,16
39,4,344630,0.7952194550323854,0.7188940520000048,15
40,1,181733,0.6397001845287098,0.9445395153757933,4
41,1,183471,0.3311514633321875,0.5618078109944046,18
42,4,285216,0.5916222508875708,0.0498668813568639,13
43,1,78295,0.20028618545200383,0.8848266932572089,2
44,2,320446,0.3733513855081009,0.1806291276126224,17
45,3,246787,0.13396013318980204,0.20506185669252575,4
46,3,102753,0.17911757129401595,0.514636356949005,16
47,1,437640,0.4110227184373274,0.039946996251149613,5
48,3,65134,0.15511157742203263,0.29865165888751155,10
49,4,195165,0.09242517071792156,0.8022812041968375,11
50,1,139407,0.023360775136389567,0.17729517386726867,16
51,3,224058,0.019189016506510503,0.06099960442020358,12
52,2,130750,0.8264745579853578,0.841285502058018,6
53,1,53278,0.4729849905077631,0.8733314887986755,11
54,3,418611,0.27886588759589315,0.2976965672880756,3
55,4,343902,0.6912286639895786,0.8395430255538308,9
56,4,211477,0.7249967426418612,0.2035552799028869,2
57,2,168952,0.22936009786393374,0.1584055708229286,7
58,1,240909,0.22328017488027319,0.13109358758023593,19
59,2,454156,0.7400929344108996,0.30642595759227576,1
60,1,96586,0.036645909232713936,0.12834915033844652,5
61,2,313812,0.8025266726298018,0.7081260275732548,4
62,2,56392,0.8013574004085298,0.3712313376630516,11
63,3,440291,0.06966405193216652,0.8835695860693211,10
64,4,173613,0.2765438769441737,0.32068354318882875,10
65,4,474370,0.4347161440679438,0.13279917576810296,8
66,3,444450,0.1899193131757475,0.8411823291616037,12
67,3,438958,0.19688908502057678,0.1863058469161999,4
68,3,468804,0.4083825200872383,0.08289180415485742,17
69,3,128821,0.46245531151525665,0.18311919353966433,18
70,4,162273,0.4574365006367219,0.828127645176683,7
71,3,184134,0.9792745120942457,0.7549002400762616,7
72,2,317981,0.408685150091204,0.45595238939577987,17
73,4,356688,0.1219425584843351,0.7424438123431037,14
74,2,470839,0.6030494182508583,0.022718096682635025,9
75,2,196012,0.35839237480141883,0.8872485410309114,7
76,2,367828,0.5295096468104388,0.22859487586237204,9
77,2,321758,0.7741590678616266,0.465702220858353,11
78,1,374898,0.17338046253318273,0.3886757988974294,14
79,4,60452,0.4965537484307554,0.7130810162339419,10
80,3,262945,0.2212467622621498,0.2917733955706756,5
81,4,415928,0.49294849169328137,0.958243563088063,15
82,1,487228,0.7920195741374227,0.5832577586426386,15
83,1,68585,0.17647993761744685,0.8689980990675179,2
84,4,115714,0.5304896660318831,0.46162729065618757,14
85,2,358835,0.555946023792098,0.18556518356243823,6
86,2,413782,0.24581854250605684,0.5468420620602358,16
87,3,91575,0.9010902505119076,0.03353533497786465,6
88,3,237274,0.510697004589158,0.4096304461252408,13
89,2,175231,0.1545391469985844,0.2798195640229232,9
90,3,481999,0.8871515779776022,0.5688216239286116,5
91,4,90376,0.43526344817021956,0.18168194254269487,15
92,2,126424,0.9456510043758036,0.19224731590689836,14
93,1,170532,0.05226822882011062,0.7562281662747617,10
94,4,345404,0.3077595742636312,0.027498551934716398,3
95,2,189116,0.40051867533920094,0.4336992669412909,13
96,3,170133,0.21436538741593447,0.6219200790387889,0
97,2,211558,0.6295019138340886,0.2422287463537457,4
98,4,413563,0.9024334457115603,0.603660593417501,10
99,1,316953,0.8203060576025394,0.58187487015306,13
100,2,416330,0.7547729952187964,0.6225903671463501,2
101,2,418798,0.10233249392347676,0.5428049344630921,7
102,4,82252,0.44610574423560967,0.6988320871498774,7
103,4,141359,0.016663512057358165,0.4387686838721798,2
104,3,204903,0.19191025458266442,0.5940939746607048,12
105,2,374346,0.5123739634081973,0.27248461254989575,6
106,4,337464,0.08399263486585828,0.3245623360420061,8
107,3,406547,0.9729294335478118,0.8410269944178235,0
108,3,446452,0.48085550157175494,0.21552608415922203,19
109,2,155695,0.8006306010677289,0.9114774845855946,17
110,2,335243,0.6495542379581734,0.9695258268111615,11
111,2,420492,0.6521195677945644,0.3501104294727473,19
112,1,100930,0.5480384846764993,0.6201104740649996,18
113,4,115269,0.9795229088544304,0.25664820245601205,1
114,2,232842,0.9714282041705494,0.5834328341748601,7
115,2,212079,0.8141803956755477,0.647509769562432,6
116,1,235388,0.002302227171973592,0.3742306533218087,8
117,3,243285,0.19093288348393134,0.6989629924978459,8
118,4,331569,0.040872372488781505,0.1016112661224734,12
119,2,140138,0.7289186120495125,0.1293727127953107,15
120,4,312466,0.2826630842507525,0.4483015435942401,10
121,3,147461,0.6149821291440982,0.7016443100337264,1
122,3,313382,0.4726332342624614,0.917960791800293,8
123,4,388874,0.8512450866960651,0.12516004264812453,8
124,2,379844,0.7983091136016315,0.7569357830102688,5
125,3,486101,0.9043101870443796,0.982686297438896,5
126,3,158452,0.5891286028040603,0.6959507756599832,15
127,4,362621,0.14124807856421462,0.45605574603187593,11
128,3,424231,0.14013780153184896,0.32375411010509303,1
129,3,129806,0.7957236565822116,0.18913453190299023,18
130,3,237414,0.8648788258546094,0.28177491615023276,14
131,3,254197,0.3672937124221418,0.465486134224654,19
132,1,228566,0.8162906451356434,0.6946345366085241,1
133,3,297697,0.04800728546203403,0.5355447216191291,3
134,4,397874,0.5455947406233704,0.9046237036869201,3
135,2,441269,0.19142100545373375,0.577965763871079,0
136,3,371930,0.36141206873791665,0.11026668623929847,0
137,4,341970,0.07890757186268438,0.5618867600914776,16
138,1,133723,0.5634667891146845,0.9786880046844847,6
139,4,360092,0.662798612872151,0.36344345977288606,17
140,4,433086,0.9037720665904568,0.21287230954153313,3
141,3,378975,0.5031165006987218,0.8512541750666897,19
142,3,141087,0.10476480799203747,0.8984356308779702,11
143,3,303579,0.8646449996052802,0.440664612278562,14
144,4,273541,0.4586588910912399,0.6668279829392516,1
145,4,461427,0.0764702110210026,0.8621379958932124,13
146,2,160652,0.15560886311271016,0.7041110279138706,12
147,1,105306,0.21343408987875923,0.6743702630719675,17
148,4,189653,0.3709388285309825,0.7189695458002053,9
149,4,267612,0.26267346877735775,0.2241616295617581,19
150,2,429538,0.8104373700361196,0.39577367380683426,19
151,2,66344,0.17708986052837128,0.8866273940710636,14
152,1,437749,0.5935070864280079,0.6539897246949608,17
153,4,302227,0.09147813088295642,0.2582667037682579,3
154,1,357066,0.8661532341077236,0.46031045403145665,10
155,2,335430,0.9802368584611236,0.7039539605541003,4
156,2,107085,0.03388743545390771,0.1984087629056308,19
157,2,181644,0.5947488043835171,0.33276042122420013,10
158,1,248766,0.24921242826378764,0.17062858820768745,17
159,3,396782,0.4350095407982685,0.299784054359599,9
160,4,372570,0.4942217485831103,0.3159476884487019,16
161,4,106728,0.5052050894667526,0.4308405081212433,13
162,1,473048,0.3206432795054941,0.5442471819321208,18
163,3,259629,0.6639914053098437,0.670751618699479,15
164,2,170905,0.8270808940121389,0.4705264411355815,7
165,1,87678,0.2629808437840183,0.5780008648823229,18
166,1,387667,0.440998216351549,0.48917087193344355,18
167,4,315858,0.24612501426153,0.1881836770427201,16
168,2,225780,0.16244753257354216,0.36695313011053343,18
169,4,489586,0.16063120945380993,0.2104938986809768,8
170,4,203900,0.8789886227960826,0.24531127470432235,18
171,1,180181,0.1947242648755404,0.28424719812939936,7
172,4,166622,0.38764104933434085,0.5651665270496393,9
173,3,67792,0.02640610970910029,0.12312805294643325,1
174,4,381508,0.5448846594214617,0.03233993663528123,11
175,2,215579,0.7253513734827824,0.8086965790458523,2
176,3,100634,0.31843335406943374,0.0780693288812162,17
177,3,110087,0.7548660058731679,0.7691655047252197,4
178,4,256333,0.6115653603608409,0.42943356604783467,5
179,3,178621,0.1979173764562655,0.06630880659637894,15
180,4,457689,0.08843475514187626,0.37720992602744774,16
181,2,64604,0.6645710717383819,0.32358636779469263,0
182,4,237730,0.5289619298492582,0.18723695884842972,14
183,4,101234,0.9560710491559838,0.6379891126226931,8
184,2,234478,0.7152928229299486,0.21407554720730115,7
185,2,70339,0.9613781417049063,0.1097489792292543,1
186,4,419138,0.6010105051895319,0.9190836451931333,5
187,4,79437,0.6996304176861705,0.4038788775612865,11
188,2,480209,0.7161637829502973,0.4903914319806244,5
189,4,66105,0.4511666603654164,0.8844522836907366,17
190,2,184940,0.006529218562643435,0.1937514189755134,9
191,1,229631,0.06114360195207691,0.9431175482407307,16
192,4,461889,0.47756023351411914,0.31621283495725416,18
193,1,443912,0.9166473204527582,0.6593326319279615,0
194,2,349926,0.35463473046186156,0.8957728339887049,19
195,3,454474,0.04205554598816341,0.8165880796660152,5
196,2,212126,0.23478623033481427,0.9627022292503592,7
197,3,161227,0.47132251289009297,0.6161413898031919,6
198,4,354655,0.3829585285335143,0.18204643112686758,12
199,3,365050,0.9587437184973141,0.39810785598291976,17
200,4,496614,0.9042514569093256,0.7023080848343948,14
201,3,55961,0.8749776177058247,0.8446011960615636,17
202,4,389956,0.48558741542231665,0.36099568370443713,6
203,1,224131,0.7227394491062152,0.9246284490959,5
204,4,92074,0.3541863177958676,0.23396173645521334,10
205,1,356088,0.6822146585168612,0.2159439701429069,7
206,2,212205,0.32651797806875993,0.2056207376190926,18
207,4,68855,0.6897915250080928,0.6352615210499443,11
208,4,198585,0.9212799820685181,0.6821141422408096,11
209,4,290237,0.5826574388157509,0.6894263401430597,0
210,3,368084,0.7489111861440818,0.34122403332028206,11
211,1,257551,0.4262121342836245,0.18484377676928554,6
212,2,215564,0.7916079323853794,0.29171660469228966,19
213,3,121404,0.9130197883499437,0.033384731292966485,14
214,2,277028,0.7706593695241041,0.8350533748958521,11
215,2,92431,0.20429468734375522,0.08256391851692857,10
216,1,248747,0.038719005366208537,0.30964464830396554,4
217,1,157877,0.38755573344680183,0.18851367912225936,12
218,3,97879,0.1767457659552525,0.8230851194921558,6
219,2,411901,0.8264584865666974,0.653019744896081,17
220,3,237866,0.474455822612719,0.7141924671998376,9
221,1,357666,0.10229916725144905,0.24470589201635773,17
222,1,232291,0.09393848212154332,0.32120164209379676,8
223,1,356318,0.4583077120924699,0.12337951745752529,13
224,1,302241,0.19181806526218725,0.49381045276222224,12
225,1,320386,0.4688435102246,0.4434934203345625,9
226,2,332177,0.39348529663314913,0.252322800279125,19
227,2,84677,0.6637576418096104,0.8393836652635402,4
228,2,187502,0.7580185818940661,0.4544501879795507,17
229,2,381667,0.4373037262197951,0.6806425485456967,15
230,2,493948,0.02454374107614654,0.06904333022052556,17
231,4,441675,0.6094295633743371,0.9126588306314011,3
232,4,317906,0.6957377182432153,0.10180107935049254,5
233,2,305641,0.33884750332545577,0.4120452454362835,10
234,2,461941,0.40957893031928827,0.47711799201472416,16
235,3,157213,0.8325111419221229,0.7018255926893627,10
236,4,394601,0.8550327426900691,0.6658604658484677,3
237,1,112518,0.5687293680368322,0.3416856210934751,15
238,1,277999,0.5777924094108603,0.8899423884971597,4
239,4,392971,0.5037035011276636,0.8199056965579402,16
240,1,455420,0.27904114154622084,0.594016111296217,2
241,2,178313,0.9302724124196773,0.29857645078197237,10
242,3,99943,0.3386725632930667,0.7985748932959877,12
243,3,116173,0.41933054045640594,0.02130216651738892,3
244,4,151116,0.061673691704012934,0.8713682202244455,12
245,1,301822,0.15421379018961068,0.942409721459179,18
246,3,64806,0.26493197497560883,0.5657729021202268,4
247,2,424884,0.36481614303515164,0.4346188444566955,9
248,4,191425,0.13711749509284243,0.29977098580049033,7
249,1,338207,0.34643718008989577,0.5338317257471032,3
250,2,438149,0.7399990098850167,0.07564991548806832,14
251,1,99281,0.6287288017995524,0.9063257363614976,5
252,1,460118,0.714018257419025,0.3153734808719759,13
253,4,209155,0.6001790053225451,0.4316018655252791,10
254,2,293104,0.042543728371570944,0.8425737026601547,5
255,3,469830,0.0413016841298558,0.23163213414398265,7
256,2,221404,0.7762572853535376,0.7805912691879706,3
257,1,91834,0.6801718540830854,0.1747632602121103,8
258,4,443361,0.15943138613796637,0.975206586433295,1
259,1,351331,0.07968893881203498,0.389044844789992,1
260,1,159026,0.3785931131417827,0.6240638126778533,10
261,3,242706,0.8290601254763116,0.22509847010148643,15
262,1,289415,0.9341665893428358,0.6527632895661879,6
263,4,277844,0.6392023043257007,0.3232051100517591,5
264,2,181512,0.5118502406236866,0.05526607771041658,11
265,2,288431,0.32871678838843255,0.28832277433797227,8
266,3,129826,0.11199697993855351,0.7458584848789404,9
267,3,236108,0.24666067502887823,0.20115460095368476,2
268,1,222546,0.39938377788025214,0.011942556229604606,4
269,4,381812,0.7030186135459573,0.1827156295246063,14
270,4,431201,0.17508167688097243,0.011913446996297927,9
271,4,475461,0.9043782715395604,0.9198871123150884,4
272,1,83432,0.5436100731824929,0.47369924988860124,8
273,4,453887,0.4064167248618725,0.5642159348783776,17
274,4,88359,0.07188173460538316,0.10105811329673753,0
275,4,160321,0.1760020617965845,0.0597822970063685,17
276,1,153535,0.984387988527615,0.6954231702448084,18
277,1,250259,0.8713620593972019,0.21732488506587755,0
278,4,60358,0.25594844524822113,0.6313704566975838,14
279,3,408811,0.26488929825762586,0.8495404026746964,2
280,1,223015,0.8932491139177876,0.12952564291640367,8
281,4,262179,0.8434498776455001,0.7886337529586209,12
282,4,190219,0.31811104159423065,0.9790916446364799,4
283,2,443045,0.16047862526885814,0.8404525819379726,5
284,2,239160,0.5886058592308029,0.595210125061233,19
285,4,332623,0.003960952356841796,0.15765531480731698,0
286,3,100096,0.9594444951321197,0.1655682177454677,14
287,1,464388,0.6542256264270995,0.9166808665491802,16
288,1,331048,0.5075422048213827,0.8172552107473899,16
289,4,88020,0.16081905228908167,0.8706695659994347,4
290,2,493380,0.2365314518793331,0.049511703699560705,12
291,4,264426,0.9869819441217847,0.8577881176765724,8
292,4,270137,0.18139830127564627,0.5736246045776672,15
293,2,182226,0.9354202561650075,0.9374926465372218,1
294,4,120844,0.9124354885836892,0.22755323447699383,6
295,2,239569,0.028501300242507077,0.49134761602393784,8
296,4,461708,0.04904745156692536,0.6461589493567298,3
297,3,463858,0.9400917728705026,0.5236893650441864,4
298,4,241495,0.9002659117846996,0.5373396808365822,2
299,3,70619,0.37350813853088316,0.23492994107731613,1
300,3,363394,0.5161476891956246,0.5544192625265005,4
301,4,174152,0.583506412446155,0.002208467644741363,15
302,3,53764,0.9226882838977387,0.7048011726238689,19
303,1,450105,0.5058504244901331,0.33407265957053356,5
304,3,460397,0.19698887856977254,0.7669899232328148,13
305,2,148945,0.3951229518258357,0.12195958941912444,16
306,2,354777,0.5985009739485616,0.07116554494155203,5
307,4,307973,0.40419714302710985,0.20619423053982022,0
308,4,267255,0.5873697812393992,0.5235313922590887,11
309,3,294807,0.2285931818418715,0.8976632346592385,12
310,4,306878,0.7123864876297967,0.9091475826105093,4
311,3,413103,0.6368882673736748,0.23596408959293325,1
312,4,494530,0.7367169285476899,0.06111007397554491,0
313,1,477748,0.760059369853031,0.4768691671707207,1
314,4,422656,0.7725906751728177,0.5717133229114618,19
315,1,236140,0.4551944427331306,0.3346663663764742,13
316,2,316724,0.0916931822211593,0.4038490926932663,10
317,3,146855,0.42465739154328996,0.3003768970889368,4
318,4,495654,0.28610208195852593,0.976615586706673,2
319,3,187459,0.3415033659554967,0.5725316773622144,14
320,4,335105,0.9700438858530678,0.3487818813266802,13
321,2,280297,0.3095038252578671,0.13222784433364265,8
322,3,394622,0.5846216223501379,0.5730430677753849,17
323,3,373261,0.23293684322009367,0.30924150068901646,5
324,2,282354,0.25191666166880333,0.1681951154974991,4
325,3,428267,0.05664415595263428,0.6151186911201089,10
326,3,452062,0.0892027674652266,0.856053723189547,6
327,3,399335,0.5602080228599495,0.24886406867868172,6
328,3,331973,0.5252563083512293,0.8400504424150599,7
329,4,230854,0.05011463582089537,0.5617047208076599,12
330,2,374311,0.29981922492690083,0.2283054294863548,13
331,3,356810,0.5637664972001635,0.5240916691909482,12
332,1,198782,0.9314207389301108,0.12469373996007971,16
333,1,100821,0.4374773749140627,0.6179682821006691,1
334,3,153204,0.4348320470543643,0.9736102514734802,9
335,2,493569,0.15477199243950057,0.30994397076559177,10
336,1,118704,0.6976993576988815,0.34807465344188193,7
337,1,188371,0.9791527330218316,0.39063052383377395,19
338,3,321027,0.38713704586338105,0.11751686373814862,18
339,4,260398,0.20706065977117882,0.7252842331574351,7
340,2,313794,0.48804557941254423,0.8292902001897232,6
341,4,450179,0.3285193241949007,0.5615848819887885,2
342,3,57763,0.008778129636742849,0.48671218829387974,14
343,3,265574,0.697822610160363,0.8047657188976125,18
344,2,243402,0.755779064701063,0.45988428277587357,7
345,4,117321,0.42783496451336755,0.4029586858436318,19
346,3,312547,0.16965822280580511,0.08718432016495337,8
347,3,111901,0.9028845718632227,0.8762321501591703,11
348,4,350326,0.7097408998699478,0.3744064602804361,15
349,2,488015,0.9160462009562627,0.7557770696295298,6
350,4,152330,0.08070896042707099,0.820951921934245,11
351,2,89317,0.5809205258248802,0.23945830988446049,13
352,1,458794,0.747671358424598,0.5962073180922313,15
353,1,286734,0.5104432618708192,0.5920852423712879,8
354,1,61438,0.4803396654080335,0.22712065053787656,12
355,4,356338,0.644154265377593,0.6407915455068458,12
356,3,140171,0.4218197152391071,0.8721860901683487,18
357,1,492279,0.7534829390514051,0.4932647055517221,9
358,2,282814,0.998648957653142,0.21580715616513013,5
359,4,414873,0.03699666434549109,0.4676706844474342,8
360,4,437392,0.3901916871851615,0.7178195625425786,0
361,1,140470,0.1733914268106742,0.9784103276916432,1
362,3,190572,0.23286527863064999,0.5397494737433132,18
363,2,444164,0.06409773091325077,0.06372834680717476,10
364,4,77568,0.30681769563125705,0.13576181675418209,8
365,4,408822,0.7647692464664458,0.4391135550902783,6
366,4,288831,0.3536354685553085,0.4411195940142817,6
367,2,264959,0.211353372158249,0.6955092810038243,12
368,2,119184,0.45713619572924136,0.2891536040927344,14
369,1,267654,0.42016314151703515,0.18974316377056488,13
370,4,384374,0.6989586136723014,0.436576571528827,14
371,1,455036,0.9472828336026481,0.3995666686897983,18
372,4,498581,0.8881383254518473,0.23058494992533873,14
373,1,299259,0.031712917203655766,0.3672791963738712,5
374,4,326776,0.5909966259293352,0.6406033604606953,10
375,2,317980,0.5957358469704315,0.1525180884824312,1
376,1,174648,0.47802637945239335,0.922275527585823,7
377,4,109080,0.9938045949434571,0.2373673747388363,7
378,4,131179,0.9192314617628662,0.0739245730462359,14
379,2,492489,0.8240878174088268,0.6091748957148366,15
380,4,479230,0.5400423160341291,0.07185943179128507,12
381,2,283098,0.8644378768142215,0.4498760029331471,13
382,1,454840,0.1863471613224611,0.19834687456692712,0
383,4,68916,0.5920707695454809,0.9868441580300297,7
384,3,181989,0.96919918842319,0.7763585772824716,15
385,2,117046,0.41752458849673335,0.17124290847532742,3
386,4,419673,0.5675936057160589,0.16055583048453959,14
387,4,389056,0.4014884943771947,0.36746615041303743,8
388,4,119914,0.019059914094654906,0.853023655882187,6
389,1,283758,0.5624452067720874,0.32921980280026086,8
390,4,415855,0.09333549056117973,0.05445265555626311,13
391,3,227899,0.8396754804276505,0.7837903849693764,13
392,1,146192,0.8360672819259046,0.8388003657311259,13
393,1,425189,0.08606588991294473,0.6598089808548427,8
394,3,454618,0.5504885596092284,0.33135155887295564,6
395,3,325783,0.9002996364085194,0.880843528768432,13
396,3,269962,0.4980942751623778,0.20363809781296016,4
397,1,223315,0.5272112856586536,0.37969151972799775,10
398,1,208779,0.38687363725735857,0.2364263085042304,15
399,2,401518,0.9966751995270678,0.4553217755449903,10
400,4,383569,0.09565248700767925,0.9062011405782733,18
401,3,264828,0.7031362614361463,0.8723483224080203,12
402,2,407935,0.33364283632882563,0.8051164714341175,1
403,3,463411,0.2768022898346797,0.33538459088815753,1
404,4,323596,0.7713733237790464,0.5479974253327928,15
405,2,190379,0.1842423275110262,0.11176723219158846,8
406,1,135992,0.04264564826351336,0.9219607929881871,11
407,2,395209,0.4392826171513584,0.2705348955006467,2
408,3,143414,0.7313028470888193,0.4102069000503572,18
409,4,494189,0.09792682681713505,0.4464631674180076,16
410,4,177537,0.6557623988485032,0.35882371904207966,16
411,4,474731,0.2259541237193704,0.9079903363104705,4
412,1,323409,0.8097162662368339,0.8062154606629308,15
413,1,97545,0.746661865877117,0.15048297160320556,11
414,1,276586,0.9517871218282153,0.7661111334854336,7
415,1,139290,0.6300081702448108,0.24846693454281876,10
416,1,433527,0.029380477007414085,0.6123122251014111,11
417,3,54346,0.07800867230160646,0.7224150879361309,15
418,3,225269,0.6181403051394588,0.19912804562769548,18
419,1,244932,0.33923521616542873,0.6265125885934703,1
420,1,435544,0.8231116708031904,0.4404960647412264,17
421,2,413830,0.6362869692502916,0.8332627088581906,2
422,4,334332,0.20424900058252415,0.47186056252937547,11
423,1,360756,0.28539247723509475,0.9699522887587119,7
424,2,219458,0.6217783501720507,0.16882898348078768,1
425,3,279043,0.13864109712002282,0.563012142057303,0
426,1,94959,0.04942965110209774,0.7979940342909856,2
427,4,445201,0.9774411432466582,0.1192554515883325,18
428,3,422976,0.8109180620985944,0.4900765226174544,13
429,4,302103,0.014781356052194328,0.22155229705902924,1
430,4,159175,0.3321169395933542,0.800624679219898,5
431,3,339431,0.39850775488810364,0.6609899392082238,2
432,3,327765,0.10487288955528906,0.8089194857416503,9
433,4,334657,0.0066267806254955985,0.43688288375741346,14
434,1,362235,0.6174049966574835,0.018952569430657595,3
435,1,93053,0.10039576794093064,0.37704005448053846,10
436,3,179984,0.37687164552173635,0.6968449411217802,0
437,1,55269,0.3774385111914683,0.4392481647405704,1
438,3,415095,0.2862295370175112,0.725731616292645,3
439,3,91080,0.7789126136052503,0.6867476541373686,5
440,1,486969,0.8858082793601757,0.4166170279054382,1
441,2,132554,0.911478515964757,0.177488241414535,18
442,2,282496,0.005123246086797484,0.39132205305940504,10
443,1,472142,0.9014793695074671,0.9314321129020808,14
444,3,221915,0.68799850534671,0.028155874764910216,14
445,2,392298,0.12089377173691485,0.26779485923539237,11
446,1,276120,0.402310070842678,0.13392431959428341,18
447,3,166807,0.6559393456104224,0.21806706832832945,1
448,4,384966,0.5118048213410389,0.6489668038201766,1
449,2,335846,0.34270211786553517,0.7393858111445182,4
450,4,235939,0.8586263288518945,0.6335322540220204,16
451,3,69869,0.8233464776614853,0.5886335212859817,4
452,3,264357,0.5154941742852284,0.3226977217459879,8
453,3,228681,0.8675376258510299,0.6523593023788676,9
454,3,228691,0.8473357382620545,0.4182018513740626,1
455,1,492970,0.2832508041526791,0.7607330354330976,3
456,2,55918,0.8259359319047296,0.16257787587726225,17
457,2,453377,0.7157037625283366,0.4541456061415522,9
458,4,393675,0.5873981825201642,0.36724589443161637,13
459,1,238230,0.5955689171732065,0.35563110347286553,19
460,4,328965,0.40895440484333223,0.692197274929107,19
461,2,100655,0.5655024481427987,0.2550118529031786,16
462,2,317898,0.22118491159148435,0.550316919817668,1
463,1,328900,0.9545359234108488,0.9221733851872626,2
464,3,127941,0.34582787177826324,0.18461794084157102,8
465,1,413911,0.8076835943524554,0.27307163572089865,4
466,1,232126,0.42375649823846995,0.07220265474265397,11
467,3,79792,0.5642426241580791,0.8828111861923718,16
468,2,235650,0.0441311556210513,0.0074116448437262505,0
469,3,269875,0.8604272765445442,0.8956513119220834,1
470,2,244393,0.6832818326445413,0.632075036368615,18
471,3,396934,0.11622298686509636,0.9723884388155544,18
472,2,74486,0.7674855010186511,0.9443194805379311,7
473,1,177726,0.018378014905253592,0.5252375718289505,10
474,3,435435,0.010177540724547351,0.7461360431454073,15
475,3,146395,0.4071913797130159,0.8462157524755494,10
476,4,148152,0.13760466689917106,0.017769723271618743,5
477,3,463061,0.48024016970682004,0.6834633800182703,4
478,4,230698,0.5316557217822138,0.1781153025822012,7
479,1,265934,0.7356289819588548,0.35517302763826053,13
480,3,77427,0.6452427128473124,0.721749877613805,18
481,2,320575,0.23804755243851017,0.04660055797252716,13
482,3,129386,0.663822717294803,0.46905658990170007,5
483,4,238054,0.9019202605180211,0.050762611595485674,18
484,3,99550,0.29738391520894425,0.5901401808471664,15
485,1,167955,0.5879694192701218,0.37692435680058767,12
486,1,211350,0.9593091368610731,0.5773800469924709,13
487,2,138729,0.24385482068105935,0.16449807918539228,5
488,3,391065,0.9228746118871339,0.24581302866962929,7
489,2,163678,0.003956594356539389,0.5906241478159492,3
490,2,114967,0.4887060025659272,0.3433623609700296,4
491,2,492661,0.5605413874791011,0.9006718099787016,9
492,2,287381,0.5753335653656764,0.46379382905702593,8
493,2,465224,0.1792664733644158,0.7971878491627505,14
494,2,486607,0.9721967090376651,0.7662709423160732,19
495,1,276555,0.8861500032380164,0.3421976700279582,17
496,1,225879,0.4548173667264964,0.147872214323586,2
497,4,478312,0.5160342765615515,0.330580118523111,8
498,2,152528,0.3717871294462938,0.2889094198979103,3
499,1,260681,0.4950880191952497,0.7850654351911703,2
500,4,103055,0.2653958737218969,0.7815725253551101,1
501,4,220679,0.9198669338151402,0.860502082356256,15
502,2,79185,0.35236399881534386,0.6262283982394348,2
503,1,253673,0.7397436264435635,0.7023947090503188,3
504,3,124942,0.6305760543402441,0.349962348232442,6
505,2,362820,0.7710148858171371,0.5093540620178706,2
506,3,341647,0.8310881182243876,0.3064014907977254,15
507,3,144999,0.783471910349766,0.6413099685280056,4
508,4,387834,0.4136341617032726,0.43467372882111865,18
509,1,108035,0.6141347166042529,0.512596518664933,13
510,4,273506,0.9949557349270779,0.044918629147134626,15
511,1,481857,0.10139452517946679,0.8425671889661477,6
512,1,457907,0.24674546173831147,0.7078522753687113,1
513,1,408830,0.4604989656704175,0.7718136096506824,17
514,2,240809,0.07971155414810782,0.7899786215421949,5
515,4,59854,0.7899935505598131,0.6180972711592335,16
516,3,388086,0.42930805133584116,0.6381635613776409,17
517,1,115505,0.7814893207617007,0.5483892876180354,19
518,1,364396,0.5758374584152971,0.39855601103298743,11
519,1,388575,0.45297940509455303,0.885148671932792,7
520,1,399391,0.7850641844742581,0.5718045317194069,5
521,3,152603,0.9111061148027416,0.5231188862968222,9
522,4,343044,0.11030857323524879,0.41547916689949305,6
523,4,52114,0.5515973222464854,0.6080327201660553,15
524,4,339155,0.23569773118370274,0.908689416476123,0
525,3,114067,0.8348282923458112,0.2640674583209741,7
526,4,54086,0.9369497195423269,0.9911532126663037,3
527,4,443671,0.563115704324491,0.02425252282878887,5
528,4,138818,0.015955160620317765,0.7822803591865929,1
529,2,333624,0.7820758152421158,0.9424290787561936,12
530,1,286975,0.564404447245346,0.19636564987322236,10
531,4,101267,0.9027641944646562,0.8654635531753883,15
532,4,387315,0.30505968083838464,0.7776457985658439,13
533,4,393595,0.21815635611593087,0.15410685194762352,6
534,2,388235,0.23383512340427615,0.4053850644698862,1
535,1,364364,0.28876126481808007,0.4574305889464576,19
536,1,186866,0.739761331176202,0.7793539425497851,12
537,4,179604,0.5534302958069812,0.5851401889787609,17
538,3,281114,0.3296374358191585,0.5326552363189175,3
539,4,348400,0.4776949259507077,0.7043704188221709,5
540,4,499557,0.14230459952286445,0.8077758742518738,15
541,4,317136,0.22332116980934869,0.0677936949864445,19
542,1,225391,0.7363000534652888,0.18429190106614923,4
543,4,194255,0.12763613105835092,0.38854513666100743,10
544,2,277957,0.185816724311613,0.015256338496138167,11
545,2,308525,0.8093451601133802,0.019715240632650066,13
546,3,141205,0.10064350828714586,0.14037867804727444,3
547,2,94012,0.08003525054691707,0.1923698118074495,14
548,3,426539,0.4069986061115197,0.20200570465829437,12
549,1,337163,0.24562671305300043,0.7115452449105137,1
550,4,480923,0.7282360343110205,0.3448946570533795,5
551,1,59656,0.4163468683968776,0.7148170170530886,16
552,4,284367,0.9210630133050893,0.07889086342488638,18
553,4,302676,0.5025692611250754,0.9803632442873257,2
554,1,82643,0.10923890220165267,0.6993477770547467,10
555,3,393200,0.30419736431469935,0.77508441901672,1
556,1,52513,0.7225859994988078,0.036244407148148916,19
557,2,437041,0.6770606116476618,0.5423910464540824,4
558,4,294351,0.39640723596531946,0.958380869315982,8
559,4,123712,0.1085826616363611,0.2731737225649681,13
560,1,423905,0.019240586993219178,0.9282020073738306,0
561,3,209334,0.5620091094918914,0.07247396614428825,6
562,2,414103,0.008667104635185607,0.19298077403800573,14
563,4,494037,0.7687820577141921,0.13158002139775138,4
564,2,464310,0.3183834391348207,0.8683956662825744,13
565,3,88726,0.6815298472048475,0.33417353924029614,12
566,3,437909,0.5687940369624613,0.4614837092474501,7
567,4,174649,0.23636541201232664,0.7461521405898217,10
568,4,381079,0.3726840714374934,0.5077291597069982,2
569,4,239796,0.9122100329978737,0.6680762241579102,6
570,3,169566,0.9640676172048147,0.03492271037048689,1
571,4,370432,0.07562221119371659,0.7173876756202634,6
572,4,470997,0.14342685856670967,0.8627762832685687,12
573,3,473403,0.43611644765082214,0.643768193910332,12
574,1,435248,0.5630529700605361,0.6494277287332446,15
575,3,346893,0.7957266817910608,0.8092171886622658,4
576,2,387309,0.5500987134964339,0.9084992109869892,2
577,2,56236,0.664412344493577,0.4069215004074104,9
578,2,340156,0.8196319952528667,0.6311824211618817,12
579,2,281827,0.6804921528152736,0.2187425520390588,13
580,2,74197,0.8063197483027101,0.4398826414916124,8
581,3,192911,0.6832059807836538,0.5261603238968946,7
582,1,53068,0.005004068829338348,0.9610332959794741,9
583,3,167401,0.5909275949006909,0.13045515691199816,9
584,3,358122,0.7662805175780248,0.8536797565231664,17
585,4,175382,0.3755642507971768,0.5840318315851951,9
586,3,412266,0.5088415671285655,0.5990920617471447,18
587,4,157240,0.760920781432055,0.5651430098601723,4
588,1,400566,0.5554714659941238,0.9448973840065136,0
589,2,283183,0.29606523419419395,0.5355007917428461,17
590,1,186031,0.9637355887290318,0.5781040384009498,10
591,3,350894,0.2153977614288205,0.4824811405516275,19
592,3,441641,0.27345549507739664,0.24567676657412896,12
593,1,313522,0.627847154299368,0.47825928817717145,13
594,4,305634,0.7134865687694453,0.8058833397824902,10
595,4,484874,0.9153447898441763,0.5374544635461701,18
596,3,316509,0.7181652921392174,0.23390574832755073,13
597,1,450409,0.9745591091724901,0.27470710087428896,16
598,3,455951,0.9895608213167733,0.4998419576732045,16
599,4,353562,0.24925075792122897,0.3319326738916921,6
600,2,215720,0.20635644539386588,0.6326274092165945,1
601,2,418062,0.1148748821287886,0.38271041860499266,1
602,3,232800,0.11580462804350211,0.9832581336007884,12
603,3,102224,0.8332173434058109,0.8030405671612859,7
604,4,379980,0.28470926269565744,0.3952238869328354,18
605,2,59918,0.5407246585338223,0.9713358819563851,3
606,3,428795,0.07413707967682248,0.8763628923117307,4
607,2,432479,0.14335340625277482,0.16128155289124646,16
608,4,366228,0.06061218802194168,0.15127327373818478,7
609,3,217365,0.2276395443879985,0.7375353192537754,12
610,4,150631,0.87561007432062,0.5080379021214544,10
611,1,399783,0.5186739063844162,0.9042555590629102,7
612,4,461049,0.5230933360183684,0.8541894331983598,10
613,4,87727,0.9104021517522415,0.5956472191507074,13
614,4,324091,0.45123476459257716,0.004186144656950996,8
615,2,275904,0.49607059891929994,0.8634491277211783,16
616,2,221553,0.9430500888383564,0.13909117519768577,14
617,1,104600,0.5172252432601264,0.2621457787749144,4
618,1,350356,0.4694182976395589,0.13635245330946766,12
619,2,427308,0.9981935793947391,0.11895158447631737,13
620,1,484751,0.7347640835105812,0.5278978742923499,11
621,4,425281,0.15636450241395206,0.42745240306086074,12
622,3,491820,0.3720067359046815,0.6496400111805152,14
623,1,253134,0.4730442040057693,0.33024300103036686,5
624,1,325903,0.8785675247135817,0.7583083630261365,12
625,2,217100,0.6482333969349071,0.3759630945177561,2
626,2,154358,0.26262894251775226,0.5068622606787594,5
627,3,497990,0.26615659668222613,0.6661473752177922,16
628,3,362645,0.7819839486143699,0.5681129119534551,1
629,4,492172,0.22672885783914598,0.23003563250823378,3
630,3,497172,0.17449207350203932,0.09636442143221113,16
631,1,108366,0.10621681735301147,0.21672928445126227,5
632,3,62112,0.07838252781324728,0.96876895034204,17
633,1,307361,0.018639982308871872,0.024456870135855957,12
634,3,279483,0.416806611582628,0.9473098156394198,5
635,4,137792,0.6768117031222216,0.8321112540132897,19
636,4,377779,0.27860129379413734,0.9339822370392489,12
637,2,119557,0.6334079154238486,0.013547614056507173,4
638,2,429309,0.0135573129112182,0.3776394119790131,5
639,1,151943,0.49433882642185345,0.02145295267846381,9
640,3,300885,0.11522217879312302,0.15731672634428273,7
641,2,266016,0.3789474644127938,0.15625144781008327,14
642,3,360125,0.7444847603554243,0.45131046526040686,19
643,3,209610,0.7123082099758734,0.21807531853860507,8
644,1,69992,0.18560048791249228,0.48791651280517945,19
645,2,317470,0.7869964951261331,0.7710024540125548,10
646,3,253566,0.7969663948505792,0.9697011733750396,9
647,2,449401,0.33982524626659383,0.9546482550626132,5
648,4,415574,0.3434581840586577,0.536827470056522,16
649,4,297292,0.8514960553503741,0.7594067936342694,12
650,1,455196,0.7547326234584417,0.8263332209266326,13
651,1,178496,0.1164463580478281,0.8627315113928113,5
652,4,56914,0.9325715652550026,0.945234082985599,12
653,2,185029,0.16943831697411216,0.5038463654030744,5
654,1,324337,0.1288853796300108,0.26711809114853324,7
655,3,404789,0.5696848847591831,0.09623514597926608,2
656,3,276407,0.44357667152436286,0.5045993913208858,16
657,4,401480,0.28638431858702007,0.7445651116899279,11
658,2,57737,0.173082267633466,0.18803610482629185,17
659,4,223228,0.16327250248100666,0.19628930200008388,9
660,3,363556,0.958947135933826,0.8213038975701666,9
661,4,84509,0.6591384809247949,0.5325053625522511,7
662,3,77466,0.0909640680393059,0.9850363575354029,9
663,2,228592,0.48815137970892186,0.6109039094710076,0
664,2,151228,0.25323939541730345,0.8044146455338459,5
665,1,151906,0.6802218470370684,0.03009639387874463,19
666,3,173537,0.3222513637329142,0.5114397918524889,14
667,3,348231,0.8480939526696392,0.5521151930139641,12
668,4,272644,0.24628552682203741,0.6456343907904055,1
669,1,332198,0.3295364303926419,0.9380151223793698,18
670,4,296345,0.723277566285812,0.40046042675055915,9
671,3,393666,0.9093656846997762,0.9801764659842086,18
672,1,84893,0.6097260660725017,0.8761113780325978,9
673,1,202336,0.44019622995312013,0.49524757655449414,17
674,2,319007,0.39084847434047265,0.031456939530359884,10
675,4,363994,0.15244870225584606,0.9276376057291417,9
676,2,356950,0.29239527782487373,0.521298076121322,12
677,2,196181,0.6283803624285818,0.04527956748138884,1
678,4,120263,0.8363726272178676,0.6656225500784623,8
679,3,154439,0.3389063287566729,0.6470663143676625,5
680,1,354083,0.21514158509557457,0.030223130025044842,19
681,2,206816,0.5176548073322976,0.8597746410808912,15
682,2,124260,0.5153010853790391,0.5538524647064811,10
683,2,451829,0.9467277074496081,0.06077534323676359,13
684,2,147380,0.05821465554049521,0.5199262976027303,3
685,4,88073,0.022936081880417514,0.3137946105348842,1
686,2,130504,0.6408514955911017,0.3785457458898117,14
687,3,89500,0.04977982345413168,0.7321221938234612,15
688,2,373181,0.7232688742748337,0.675522511300768,11
689,2,275263,0.10994666093210148,0.7373453098346096,3
690,2,496746,0.5564562750680632,0.4118171957878436,11
691,3,342787,0.22849295464180974,0.3939641074184934,12
692,4,257730,0.5589992458192276,0.7286163304583818,16
693,3,184769,0.6090822010226589,0.9224649634475919,15
694,3,105139,0.26826297001999055,0.1488386638637177,14
695,2,357690,0.8646654213822119,0.7412881723016567,13
696,1,51699,0.8447321357210349,0.7301309644110964,17
697,1,143845,0.3415743250672265,0.2657958042600054,6
698,3,169507,0.9928645133354547,0.3646641001421711,1
699,3,177708,0.7723480742627408,0.10339767808749978,5
700,2,251061,0.4447580339515531,0.42798741129876694,3
701,3,217231,0.08066607980968288,0.13293788797060913,6
702,1,249948,0.9723144299433775,0.8451894676946137,2
703,1,434153,0.6243290449626602,0.7888536963251996,19
704,3,82996,0.7467936084950674,0.502863129652638,11
705,3,249716,0.08061383683018897,0.6528529958636343,6
706,1,313735,0.7177126487716373,0.15120295044888743,4
707,4,93476,0.6538265204220228,0.9369060634759057,7
708,3,481126,0.3571994927529285,0.00951168872100483,17
709,4,443415,0.47672675368944517,0.9513706991331431,5
710,3,348861,0.24515031519872665,0.579781077986935,0
711,1,488789,0.0696879280667746,0.02399390219368036,9
712,3,459927,0.30974556408952836,0.8232256440604576,14
713,1,254282,0.00018519996012877904,0.05858414910181875,18
714,2,471277,0.7798568746500499,0.2876546686407587,19
715,4,369942,0.4364378758795463,0.7416722782721593,9
716,1,333440,0.2047086718088018,0.4963086577412279,10
717,2,390615,0.3838859092098116,0.14259726681624074,0
718,2,167289,0.6231405406835898,0.30543790735520626,13
719,3,308900,0.7891494569353967,0.30084528622653806,1
720,1,226262,0.024538302063270456,0.5745998224423268,12
721,3,100759,0.9992805147195886,0.5398167443276329,4
722,2,82299,0.6469665704770632,0.16225391932758748,4
723,1,462668,0.28984832980330943,0.09531750439502507,1
724,3,293081,0.945606608364564,0.36310033071122927,1
725,1,51915,0.21912111331260153,0.15729599988537413,14
726,4,169870,0.4246602020130704,0.16025050297736043,16
727,4,294158,0.050134977480066234,0.9145138830253892,2
728,2,229951,0.1325104715981975,0.3692520677235208,7
729,1,75367,0.22438297017796027,0.9350955543511164,16
730,3,369214,0.12977398372917304,0.1439116641821533,6
731,1,263200,0.2365318713791016,0.504820032603611,10
732,1,180026,0.3311960132157097,0.8101461733204386,11
733,1,343780,0.4442420681561243,0.3850704164302262,7
734,4,276259,0.08182744882033754,0.6601159816605536,0
735,1,169369,0.4666123521328377,0.985368531210399,8
736,4,486280,0.09717695008295191,0.0396705929231459,10
737,3,312889,0.788601525843491,0.03169151205740095,12
738,2,60398,0.8823475195886306,0.8612200381969216,6
739,4,437286,0.044923160866042755,0.8813007547125138,19
740,3,410374,0.9366425220099118,0.5330852674102728,9
741,2,315347,0.2889372761602511,0.27056718887545783,6
742,2,356428,0.16455344603728095,0.265016149638982,0
743,1,74948,0.9897536793377656,0.9053283205256092,1
744,4,387032,0.42501869870636977,0.9153873733049749,13
745,1,312788,0.0827822877328539,0.20682604876433464,12
746,1,157711,0.3329694743270938,0.27009162347404336,9
747,1,412618,0.9594886257100289,0.6299994961330136,4
748,4,69544,0.8624299120342563,0.37915639828486714,15
749,1,256742,0.7190976438387532,0.7496585240022995,2
750,1,236146,0.9874539947362256,0.46208102782763405,5
751,1,148099,0.271456983224596,0.6835921711951828,1
752,2,470007,0.6879254733252173,0.7067797115465287,18
753,1,361317,0.6344724031834723,0.5147235905344294,8
754,2,165743,0.587473142237446,0.5777748605076084,16
755,3,449753,0.4151644402597202,0.9124936545668608,1
756,4,292156,0.5025567810746377,0.3689800279046702,8
757,4,361828,0.1531061514215053,0.8290321335460844,14
758,1,219604,0.4730621032074517,0.5017843988095563,19
759,1,128419,0.7174479258987091,0.3364207625111959,3
760,2,110823,0.18564241758050293,0.41897923925240355,12
761,3,108095,0.39998247321920144,0.7315663833097384,15
762,2,336919,0.9856295855202717,0.3417714278629135,4
763,2,153834,0.8029955327072963,0.9805039005569701,17
764,1,246132,0.08098802023155882,0.2500493478599789,4
765,2,270232,0.15855357366953204,0.7630106644344727,0
766,3,176409,0.830006666834068,0.22735161944277715,4
767,1,145492,0.8688673077392192,0.5802646627302545,15
768,4,162560,0.38605719818820083,0.044665182542520054,9
769,3,467932,0.7532237199892169,0.7371219118392991,8
770,3,374747,0.15989923405699058,0.6087824199412355,0
771,4,416085,0.23816758468076016,0.7591001178911171,18
772,2,375623,0.3999630251316477,0.07508439976711423,4
773,3,330761,0.7689257882744881,0.9831451396147353,9
774,1,431343,0.2789193625229336,0.9328998936757688,15
775,3,67278,0.7652764921651511,0.8213306132803475,19
776,2,147762,0.5436448612059517,0.899560932219618,6
777,4,449110,0.8271474549011949,0.7579846336498822,12
778,2,497626,0.6821995024007473,0.9177685716062793,9
779,2,146656,0.3763394127557126,0.040330555670311075,18
780,3,298990,0.0011459149563456394,0.895212752031611,10
781,1,79866,0.4864548992700487,0.46806137073373466,17
782,1,484418,0.49612895807610424,0.26957652964277157,2
783,1,290655,0.10162005745658254,0.9042339083976454,7
784,2,238405,0.41930389268814094,0.18570693627410373,9
785,4,268523,0.5869045483910217,0.03238951286419056,11
786,4,399713,0.49935229491439215,0.6390271721508669,7
787,3,146018,0.9295916486952228,0.24529669695611622,1
788,3,385635,0.28313205743520664,0.7323210897690534,13
789,2,152870,0.22633455995240193,0.09060641385429136,17
790,3,350956,0.7441655527194422,0.4733179729827298,10
791,3,258198,0.6532274700071709,0.31103741840581856,5
792,4,216938,0.6556276479540085,0.9037437225140967,15
793,4,446635,0.692583214291651,0.5706034728222021,6
794,4,344625,0.6437343262226867,0.9851016377296591,11
795,3,176799,0.582261136440604,0.2852175162670273,4
796,4,195418,0.42941437687202033,0.6109206435336022,12
797,3,494367,0.6426167630955927,0.4744448752750263,10
798,1,443174,0.8268990922359505,0.6165125413954259,3
799,1,496268,0.6429914107629363,0.15808963451306834,2
800,2,383402,0.28179434689375027,0.352031859110033,6
801,3,486979,0.5999985041204805,0.036732166303309,12
802,3,183602,0.25869616641753823,0.1715512546020901,14
803,3,219845,0.9005009891542176,0.15742736354950926,12
804,1,246714,0.9515902513974144,0.747281173305309,3
805,2,192452,0.0332223695610766,0.8001799304705148,0
806,2,117286,0.9106624344228462,0.5355367151822626,11
807,1,476214,0.09558289283433385,0.29186323979396145,7
808,2,396095,0.9562333036382873,0.029264963571810187,14
809,3,198161,0.5979872312603581,0.25768102765386014,12
810,3,438270,0.5915908158198004,0.8382617537639415,8
811,1,68652,0.9185379207303379,0.053622777547435496,14
812,3,337292,0.34912630666766686,0.36051556691839504,9
813,4,444930,0.8872877942601272,0.014561660779534358,8
814,4,139517,0.6117348019430172,0.9535697377911745,4
815,3,201333,0.22810410290448158,0.44349182912212515,19
816,3,121046,0.8403904432241937,0.4732540930560404,17
817,3,372944,0.02043673038796945,0.335145230865182,15
818,1,478318,0.17762528042176196,0.9457577075360231,16
819,4,496857,0.7552246640352039,0.4600349313333665,2
820,2,116844,0.9921829845028808,0.5628025507373593,7
821,2,182485,0.9584075981275848,0.25407865764042226,8
822,3,350738,0.4671308606821034,0.535644620798641,10
823,1,355782,0.026958536827180746,0.46955434924645933,2
824,3,124892,0.3607966254590982,0.29111957594889826,11
825,2,411515,0.9462754403408938,0.15441777497351883,17
826,1,455193,0.05056987560162529,0.10146824206452287,12
827,4,274013,0.8067971299442672,0.7594359298599828,4
828,2,317144,0.5112821968655357,0.8307876084225528,5
829,3,87729,0.921540537205634,0.3564927827183584,16
830,4,348271,0.14202982453592394,0.7704486378974111,11
831,2,299883,0.18958503325398968,0.896294985943325,3
832,1,395109,0.5268309967960463,0.5748812382260879,2
833,2,263964,0.3098951282425094,0.8044023124690239,14
834,4,109391,0.5293562332017643,0.761939249186722,17
835,2,377906,0.8737301533003854,0.46982470202403326,1
836,2,454727,0.5269016121546042,0.5529669701868974,14
837,2,106775,0.435846567084064,0.5472849963575537,9
838,3,355718,0.6298399691273496,0.44468708520765265,6
839,3,414417,0.43249602350595373,0.9718214257153392,4
840,1,420898,0.2965295612068185,0.04053869281596523,7
841,2,340491,0.5888468004168036,0.5721212483957464,12
842,1,291096,0.6796366404121461,0.902359025523938,13
843,2,113116,0.2031232459939295,0.2400165653658224,3
844,3,172001,0.4715333619120171,0.38433799159829163,15
845,2,216981,0.23058415172204139,0.9100151405755531,14
846,1,142846,0.13596016626285812,0.3326139932392015,18
847,4,413819,0.15836204706329893,0.8807947088259066,6
848,2,296224,0.48180153666825853,0.2583801793307213,9
849,2,497559,0.735087826523511,0.35777220196067583,1
850,2,282573,0.3745798124596048,0.2696181127580001,17
851,1,148811,0.2763827099211844,0.9902649318966726,16
852,1,178404,0.15722195937310623,0.4411272445152904,13
853,3,217438,0.9156047525008232,0.21541147168734887,19
854,1,377764,0.9504102717018686,0.38200028436613254,17
855,1,270614,0.9728340553958599,0.26038164842053,5
856,4,351113,0.07323190531798673,0.7696838627807467,13
857,1,388611,0.6736826872849252,0.45024968151534117,3
858,1,494451,0.3385167144501995,0.32925383316121337,2
859,3,284807,0.13909724100943666,0.7997293071858536,7
860,1,489079,0.4045226116407882,0.1179722893608467,8
861,4,112050,0.9812496369895116,0.605017957289761,8
862,2,361108,0.1108603198601571,0.9601621453887957,12
863,4,96917,0.7301119844174587,0.22438442485359433,10
864,4,128716,0.9383245294291477,0.5222323472713729,8
865,1,63953,0.5657513077955495,0.27058321022566223,8
866,4,331766,0.8365178016466329,0.4146981555256347,11
867,2,473099,0.7245084184761145,0.2620710029968456,17
868,2,294461,0.06473943122600112,0.25804384694132243,12
869,2,384069,0.10827365760067476,0.32728994893592633,14
870,2,252397,0.3492178080496272,0.7590015480261025,4
871,2,483860,0.1858447530411379,0.43084318239224617,6
872,1,434538,0.15446367683855722,0.05309009873100534,2
873,3,87649,0.1097738910938254,0.6491076246230078,9
874,1,489210,0.34181989214411146,0.19910910263164028,1
875,1,145914,0.2616662612518189,0.2660663077864617,8
876,4,52723,0.1510699031490086,0.787692020210364,19
877,2,448540,0.6355511635685291,0.19679319596377498,0
878,3,105645,0.9829325582310012,0.8235353439084104,6
879,2,243581,0.7564272412829784,0.842204472639489,2
880,4,433998,0.4600516740871847,0.244985794384315,9
881,3,408573,0.8450853681204661,0.8246455981217047,9
882,3,244739,0.8555543803850661,0.5559956908273714,2
883,3,301671,0.056292798118299237,0.974561501972409,3
884,2,259055,0.5264447957128937,0.1100178421430742,16
885,2,359643,0.8400161899965888,0.18624403815341362,14
886,3,394913,0.34416380739593255,0.9429372850382969,14
887,3,297181,0.8225769347964687,0.29579028397271845,3
888,3,453099,0.17165127584948559,0.15014332618557003,18
889,3,224458,0.13399924937454621,0.05251718482539536,15
890,2,230014,0.8717845767468472,0.09849455719739386,19
891,2,109489,0.9823950298932189,0.6345859365578931,12
892,3,92155,0.13090419330924463,0.20429940910878686,11
893,4,173405,0.8505738876354024,0.6437303027568497,0
894,1,78789,0.5441775048731249,0.15783125949485088,6
895,1,239795,0.588176597513895,0.01901851528840437,19
896,1,135744,0.5669310736421503,0.4115562249479452,19
897,3,247745,0.0297771087716453,0.7109734888146593,17
898,4,461006,0.22684110151025993,0.1851463676245031,19
899,4,112101,0.9932805821331827,0.32555274421341684,16
900,4,411285,0.6357403812225857,0.40596299032501637,15
901,1,435831,0.20726410250839145,0.22005595667928468,19
902,2,320240,0.36744758613992945,0.7258824920191882,6
903,4,430118,0.6622384870377303,0.36890917243860566,18
904,1,336806,0.36587470519773746,0.8867251495529673,12
905,3,419271,0.024231120621393765,0.23710484909439933,7
906,4,134688,0.28194099552918506,0.3291808471266251,4
907,3,87987,0.7813726211239317,0.8280254922478069,8
908,4,290520,0.3030674187317052,0.07470372098977884,9
909,1,239896,0.24805036023587768,0.16782029385977093,10
910,3,189490,0.8586691782873928,0.33462332653760907,12
911,1,234640,0.026701346065100107,0.20044968202738334,8
912,3,281718,0.4522079984241748,0.7839340401490648,12
913,3,209066,0.017040167614834956,0.9822547257306711,8
914,1,120684,0.5347601093545067,0.36920421520795177,7
915,3,102655,0.47988938824170646,0.6389733014171727,4
916,1,53684,0.11072301488120329,0.027038544589801705,19
917,3,244539,0.656894109898155,0.19389303355479715,5
918,3,50051,0.27171555196857267,0.7884793664634465,7
919,2,57451,0.20962390866702496,0.880899648796051,9
920,1,145691,0.19058724678246097,0.7280478162288138,9
921,1,91324,0.4022985174134448,0.34372782894220444,15
922,2,471651,0.4668579750458701,0.9695606017938116,15
923,2,266317,0.48938255755366455,0.7827153541755473,4
924,1,81331,0.5824121932764474,0.5053731032330684,2
925,1,429879,0.5016066085244171,0.7727147137335519,3
926,2,182879,0.46618630295694274,0.33116812351586233,17
927,2,361338,0.76861060699194,0.7473323330198637,1
928,4,111343,0.7656000862555706,0.20761163810748806,7
929,3,138691,0.9021843410016679,0.6249907452868377,6
930,4,422879,0.3865422707886439,0.097758542461583,4
931,1,341424,0.11916157815068862,0.5353237052938337,13
932,4,450486,0.32156065509117815,0.8172766224847552,8
933,2,353456,0.3527834869163845,0.9315587047698517,0
934,1,479915,0.8658401313925085,0.6488499201924834,13
935,4,61563,0.4855001172269675,0.4600165761536009,7
936,3,79590,0.7069161987901317,0.46570439676442843,13
937,1,104621,0.2557576196860255,0.8591863987283802,7
938,2,71397,0.07669442735605203,0.25751892358940864,4
939,4,258968,0.3594697459440641,0.8544314431563332,17
940,2,96430,0.5671891270991806,0.10379656076170574,7
941,4,367750,0.8989731172919957,0.3423606615261984,2
942,2,333245,0.11314157738101249,0.4774759436476692,11
943,2,86558,0.6627698707970726,0.47191584662711783,12
944,2,78171,0.679508890129378,0.5755329089081919,9
945,1,62624,0.1222416023785543,0.1821221019834568,10
946,2,367799,0.18694164171096272,0.2823447208997194,5
947,3,75729,0.9261306810240741,0.5235827819126121,16
948,1,421360,0.996453793611757,0.4891102684391673,1
949,3,164019,0.3398186540377398,0.28577355751680433,5
950,2,417142,0.8873842253681162,0.9493440094060558,11
951,1,130696,0.9461295702455234,0.9024802277837037,14
952,2,129615,0.9410809404656697,0.6680277353668,1
953,4,344747,0.12615559696169154,0.38774864350313065,1
954,4,363421,0.7362416449805076,0.0913551348555861,0
955,4,425671,0.5582371397224171,0.046595512155204744,10
956,1,235499,0.8048514724698217,0.9737356893887161,6
957,1,247510,0.2740290461024888,0.6485428716182657,13
958,4,54828,0.8103555323906532,0.9472223033916383,0
959,2,104210,0.04564713120547226,0.402691959968944,12
960,4,80912,0.9206810666523653,0.7745720868438919,13
961,2,472343,0.0210367818457885,0.3455218737525121,8
962,2,251777,0.4577197552699679,0.027442736278605273,8
963,1,96657,0.3990131730352805,0.9428087941945562,0
964,4,436478,0.8481550230159487,0.1328153458351351,8
965,4,338487,0.845082101223235,0.595286641729495,3
966,4,169339,0.2377546983321137,0.6906877060888477,4
967,2,253454,0.28470020743175173,0.5008956279629472,6
968,4,216970,0.6322863337282983,0.9072915876544934,16
969,2,58684,0.9738835125873088,0.14775367341741275,8
970,1,245081,0.7178255065594684,0.12777786457600693,11
971,4,483909,0.9223140682778217,0.7702073103743562,4
972,1,68544,0.7331889010306748,0.929726610480155,4
973,1,287688,0.824673072405241,0.8190713214360346,13
974,2,85682,0.5949912112707401,0.07989261852037666,13
975,1,96543,0.3724765067554938,0.24611237222249416,18
976,4,284262,0.7826441858094025,0.6259714259200266,15
977,1,382631,0.7568951551690585,0.24718204492666607,19
978,2,386676,0.5578738853704387,0.11241433267017709,9
979,2,153067,0.5985177466340388,0.008882399006055364,0
980,2,420411,0.5650456005432395,0.43235607124087405,16
981,3,346869,0.4170304460883313,0.7960552732136381,11
982,4,219771,0.13406154448499596,0.6211089587075059,19
983,3,477295,0.8875103986222108,0.33436565110514427,8
984,3,428051,0.9945878609420914,0.5304432884244932,6
985,3,279536,0.3997545286022911,0.8279713394963518,19
986,2,298305,0.6260006486178258,0.40882668568194414,3
987,3,175142,0.9623582028650025,0.9726045123886335,0
988,2,378232,0.6243221456223977,0.7982686616212423,11
989,3,264992,0.4556334544733356,0.8981880188259124,15
990,1,227962,0.05487677062438201,0.3593535397412787,4
991,4,451854,0.4843335562858099,0.805422053618866,11
992,3,433594,0.6512470467067588,0.1530397890382894,5
993,4,367661,0.1481528630568214,0.834767636467814,12
994,4,416782,0.673320844802403,0.889628848675184,15
995,2,223769,0.18696146613103515,0.2692656706714567,1
996,4,121289,0.9796568624796634,0.09290570261022346,6
997,4,100729,0.7020224730155606,0.8459176525854619,16
998,2,365593,0.8479864446483226,0.6025270941754102,15
999,4,420368,0.9087668380776845,0.48680766124894226,0
1000,1,432066,0.36959498956189996,0.6228211378053814,6
